{
  "properties": {
    "filename": {
      "type": "keyword"
    },
    "nazivCasopisa": {
      "type": "keyword",
      "analyzer": "serbian-analyzer"
    },
    "naslovRada": {
      "type": "text",
      "analyzer": "serbian-analyzer"
    },
    "apstrakt": {
      "type": "text",
      "analyzer": "serbian-analyzer"
    },
    "keywords": {
      "type": "text",
      "analyzer": "serbian-analyzer"
    },
    "imeAutora": {
      "type": "text",
      "analyzer": "serbian-analyzer"
    },
    "prezimeAutora": {
      "type": "text",
      "analyzer": "serbian-analyzer"
    },
    "mime": {
      "type": "text",
      "analyzer": "serbian-analyzer"
    },
    "naucneOblasti": {
      "type": "text",
      "analyzer": "serbian-analyzer"
    },
    "putanjaDoFajla": {
      "type": "text",
      "analyzer": "serbian-analyzer"
    },
    "originalText": {
      "type": "text",
      "analyzer": "serbian-analyzer"
    },
    "text": {
      "type": "text",
      "analyzer": "serbian-analyzer"
    },
    "hightlight": {
      "type": "text",
      "analyzer": "serbian-analyzer"
    }
  }
}